﻿OBJECTID;DT_MAJ_GDUNO;CD_ORGNS;NOM_COURT;NOM_OFFCL;ADRS_GEO_L1_GDUNO;ADRS_GEO_L2_GDUNO;CD_MUNCP;NOM_MUNCP;STAT_MUNCP;CD_POSTL_GDUNO;TYPE_ORGNS;RESEAU;SITE_WEB;COORD_X_LL84;COORD_Y_LL84;TYPE_CS
682;20200706;689000;CS du Littoral;Commission scolaire du Littoral;1581, boulevard Dr.-Camille-Marcoux;;98005;Blanc-Sablon;M;G0G1C0;Commission scolaire;Public;http://www.csdulittoral.qc.ca/;-57.129045;51.426672;Statut
858;20200706;713000;CSS du Fleuve-et-des-Lacs;Centre de services scolaire du Fleuve-et-des-Lacs;14, rue du Vieux-Chemin;;13073;Témiscouata-sur-le-Lac;V;G0L1E0;Commission scolaire;Public;http://www.csfl.qc.ca;-68.88269;47.682477;Franco
800;20200706;711000;CSS des Monts-et-Marées;Centre de services scolaire des Monts-et-Marées;93, avenue du Parc;;07047;Amqui;V;G5J2L8;Commission scolaire;Public;http://www.csmm.qc.ca;-67.437126;48.461789;Franco
830;20200706;712000;CSS des Phares;Centre de services scolaire des Phares;435, avenue Rouleau;;10043;Rimouski;V;G5L8V4;Commission scolaire;Public;www.csphares.qc.ca;-68.517153;48.436427;Franco
927;20200706;722000;CSS du Lac-Saint-Jean;Centre de services scolaire du Lac-Saint-Jean;350, boulevard Champlain Sud;;93042;Alma;V;G8B3N8;Commission scolaire;Public;www.cslacst-jean.qc.ca;-71.665362;48.549003;Franco
878;20200706;714000;CSS de Kamouraska-Rivière-du-Loup;Centre de services scolaire de Kamouraska-Rivière-du-Loup;464, rue Lafontaine;;12072;Rivière-du-Loup;V;G5R3Z5;Commission scolaire;Public;www.cskamloup.qc.ca;-69.532613;47.828598;Franco
900;20200706;721000;CSS du Pays-des-Bleuets;Centre de services scolaire du Pays-des-Bleuets;828, boulevard Saint-Joseph;;91025;Roberval;V;G8H2L5;Commission scolaire;Public;www.cspaysbleuets.qc.ca;-72.220595;48.51762;Franco
988;20200706;724000;CSS De La Jonquière;Centre de services scolaire De La Jonquière;3644, rue Saint-Jules;Jonquière;94068;Saguenay;V;G7X2K9;Commission scolaire;Public;www.csjonquiere.qc.ca;-71.235217;48.417997;Franco
955;20200706;723000;CSS des Rives-du-Saguenay;Centre de services scolaire des Rives-du-Saguenay;36, rue Jacques-Cartier Est;;94068;Saguenay;V;G7H1W2;Commission scolaire;Public;www.csrsaguenay.qc.ca;-71.067442;48.426446;Franco
1011;20200706;731000;CSS de Charlevoix;Centre de services scolaire de Charlevoix;575, boul. de Comporté;;15013;La Malbaie;V;G5A1T5;Commission scolaire;Public;www.cscharlevoix.qc.ca;-70.150348;47.655828;Franco
1020;20200706;732000;CSS de la Capitale;Centre de services scolaire de la Capitale;1900, rue Côté;;23027;Québec;V;G1N3Y5;Commission scolaire;Public;www.cscapitale.qc.ca;-71.288288;46.807373;Franco
1085;20200706;733000;CSS des Découvreurs;Centre de services scolaire des Découvreurs;100-945, avenue Wolfe;;23027;Québec;V;G1V4E2;Commission scolaire;Public;www.csdecou.qc.ca;-71.29437;46.776428;Franco
1112;20200706;734000;CSS des Premières-Seigneuries;Centre de services scolaire des Premières-Seigneuries;643, avenue du Cénacle;;23027;Québec;V;G1E1B3;Commission scolaire;Public;www.csdps.qc.ca;-71.191809;46.873445;Franco
1933;20200706;774000;CSS des Hauts-Bois-de-l'Outaouais;Centre de services scolaire des Hauts-Bois-de-l'Outaouais;331, rue du Couvent;;83065;Maniwaki;V;J9E1H5;Commission scolaire;Public;www.cshbo.qc.ca;-75.970131;46.37915;Franco
2085;20200706;801000;CSS de la Baie-James;Centre de services scolaire de la Baie-James;596, 4e Rue;;99025;Chibougamau;V;G8P1S3;Commission scolaire;Public;http://csbj.qc.ca/;-74.36517;49.91256;Franco
1942;20200706;781000;CSS du Lac-Témiscamingue;Centre de services scolaire du Lac-Témiscamingue;2, rue Maisonneuve;;85025;Ville-Marie;V;J9V1V4;Commission scolaire;Public;www.cslt.qc.ca;-79.441182;47.328467;Franco
2242;20200706;823000;CSS de la Beauce-Etchemin;Centre de services scolaire de la Beauce-Etchemin;1925, 118e Rue;;29073;Saint-Georges;V;G5Y7R7;Commission scolaire;Public;www.csbe.qc.ca;-70.663873;46.127753;Franco
2100;20200706;811000;CSS des Îles;Centre de services scolaire des Îles;1419, chemin de l'Étang-du-Nord;L'Étang-du-Nord;01023;Les Îles-de-la-Madeleine;M;G4T3B9;Commission scolaire;Public;www.csdesiles.qc.ca;-61.915104;47.372064;Franco
1809;20200706;769000;CS Kativik;Commission scolaire Kativik;9800, boul. Cavendish, suite 400;;66023;Montréal;V;H4M2V9;Commission scolaire;Public;www.kativik.qc.ca;-73.700685;45.495004;Statut
1958;20200706;782000;CSS de Rouyn-Noranda;Centre de services scolaire de Rouyn-Noranda;70, rue des Oblats Est;C.P. 908;86042;Rouyn-Noranda;V;J9X5C9;Commission scolaire;Public;www.csrn.qc.ca;-79.017334;48.23013;Franco
2109;20200706;812000;CSS des Chic-Chocs;Centre de services scolaire des Chic-Chocs;102, rue Jacques-Cartier;;03005;Gaspé;V;G4X2S9;Commission scolaire;Public;www.cschic-chocs.qc.ca;-64.484049;48.832201;Franco
1976;20200706;783000;CSS Harricana;Centre de services scolaire Harricana;341, rue Principale Nord;;88055;Amos;V;J9T2L8;Commission scolaire;Public;www.csharricana.qc.ca;-78.118091;48.578408;Franco
2132;20200706;813000;CSS René-Lévesque;Centre de services scolaire René-Lévesque;145, avenue Louisbourg;;05045;Bonaventure;V;G0C1E0;Commission scolaire;Public;www.csrl.qc.ca;-65.486151;48.052017;Franco
2354;20200706;831000;CSS de Laval;Centre de services scolaire de Laval;955, boul. Saint-Martin Ouest;;65005;Laval;V;H7S1M5;Commission scolaire;Public;www.cslaval.qc.ca;-73.719795;45.573352;Franco
1843;20200706;771000;CSS des Draveurs;Centre de services scolaire des Draveurs;200, boulevard Maloney Est;;81017;Gatineau;V;J8P1K3;Commission scolaire;Public;www.csdraveurs.qc.ca;-75.647596;45.483496;Franco
1994;20200706;784000;CSS de l'Or-et-des-Bois;Centre de services scolaire de l'Or-et-des-Bois;799, boulevard Forest;;89008;Val-d'Or;V;J9P2L4;Commission scolaire;Public;www.csob.qc.ca;-77.789377;48.097245;Franco
2014;20200706;785000;CSS du Lac-Abitibi;Centre de services scolaire du Lac-Abitibi;500, rue Principale;;87090;La Sarre;V;J9Z2A2;Commission scolaire;Public;www.csdla.qc.ca;-79.206918;48.796211;Franco
2166;20200706;821000;CSS de la Côte-du-Sud;Centre de services scolaire de la Côte-du-Sud;157, rue Saint-Louis;;18050;Montmagny;V;G5V4N3;Commission scolaire;Public;http://www.cscotesud.qc.ca;-70.553676;46.980914;Franco
1876;20200706;772000;CSS des Portages-de-l'Outaouais;Centre de services scolaire des Portages-de-l'Outaouais;225, rue Saint-Rédempteur;;81017;Gatineau;V;J8X2T3;Commission scolaire;Public;www.cspo.qc.ca;-75.722868;45.433947;Franco
2024;20200706;791000;CSS de l'Estuaire;Centre de services scolaire de l'Estuaire;620, rue Jalbert;;96020;Baie-Comeau;V;G5C0B8;Commission scolaire;Public;www.csestuaire.qc.ca;-68.255178;49.190411;Franco
2300;20200706;824000;CSS des Navigateurs;Centre de services scolaire des Navigateurs;1860, 1re Rue;;25213;Lévis;V;G6W5M6;Commission scolaire;Public;www.csdn.qc.ca;-71.242598;46.748239;Franco
2052;20200706;792000;CSS du Fer;Centre de services scolaire du Fer;30, rue Comeau;;97007;Sept-Îles;V;G4R4N2;Commission scolaire;Public;www.csdufer.qc.ca;-66.368228;50.220806;Franco
1910;20200706;773000;CSS au Coeur-des-Vallées;Centre de services scolaire au Coeur-des-Vallées;582, rue Maclaren Est;;81017;Gatineau;V;J8L2W2;Commission scolaire;Public;www.cscv.qc.ca;-75.399552;45.588052;Franco
2076;20200706;793000;CSS de la Moyenne-Côte-Nord;Centre de services scolaire de la Moyenne-Côte-Nord;1235, rue de la Digue;;98040;Havre-Saint-Pierre;M;G0G1P0;Commission scolaire;Public;www.csmcn.qc.ca;-63.597048;50.244953;Franco
2218;20200706;822000;CSS des Appalaches;Centre de services scolaire des Appalaches;650, rue Lapierre;;31084;Thetford Mines;V;G6G7P1;Commission scolaire;Public;www.csappalaches.qc.ca;-71.286915;46.088622;Franco
1180;20200706;741000;CSS du Chemin-du-Roy;Centre de services scolaire du Chemin-du-Roy;1515, rue Sainte-Marguerite;;37067;Trois-Rivières;V;G9A5E7;Commission scolaire;Public;www.csduroy.qc.ca;-72.557926;46.342838;Franco
1344;20200706;752000;CSS de la Région-de-Sherbrooke;Centre de services scolaire de la Région-de-Sherbrooke;2955, boul. de l'Université;;43027;Sherbrooke;V;J1K2Y3;Commission scolaire;Public;www.csrs.qc.ca;-71.94897;45.380307;Franco
1517;20200706;762000;CSS de Montréal;Centre de services scolaire de Montréal;3737, rue Sherbrooke Est;;66023;Montréal;V;H1X3B3;Commission scolaire;Public;www.csdm.qc.ca;-73.556185;45.550268;Franco
1228;20200706;742000;CSS de l'Énergie;Centre de services scolaire de l'Énergie;2072, rue Gignac;case postale 580;36033;Shawinigan;V;G9N6V7;Commission scolaire;Public;www.csenergie.qc.ca;-72.746442;46.563286;Franco
1395;20200706;753000;CSS des Sommets;Centre de services scolaire des Sommets;449, rue Percy;;45072;Magog;V;J1X1B5;Commission scolaire;Public;www.csdessommets.qc.ca;-72.151792;45.27452;Franco
1706;20200706;763000;CSS Marguerite-Bourgeoys;Centre de services scolaire Marguerite-Bourgeoys;1100, boul. de la Côte-Vertu;;66023;Montréal;V;H4L4V1;Commission scolaire;Public;www.csmb.qc.ca;-73.677482;45.517556;Franco
1429;20200706;759000;CS crie;Commission scolaire crie;203, rue Main;;99804;Mistissini;TC;G0W1C0;Commission scolaire;Public;http://www.cscree.qc.ca;-73.867186;50.416648;Statut
1447;20200706;761000;CSS de la Pointe-de-l'Île;Centre de services scolaire de la Pointe-de-l'Île;550, 53e Avenue;;66023;Montréal;V;H1A2T7;Commission scolaire;Public;www.cspi.qc.ca;-73.494982;45.670008;Franco
1307;20200706;751000;CSS des Hauts-Cantons;Centre de services scolaire des Hauts-Cantons;308, rue Palmer;;41060;East Angus;V;J0B1R0;Commission scolaire;Public;www.cshc.qc.ca;-71.668388;45.478242;Franco
1161;20200706;735000;CSS de Portneuf;Centre de services scolaire de Portneuf;310, rue de l'Église;;34025;Donnacona;V;G3M1Z8;Commission scolaire;Public;www.csportneuf.qc.ca;-71.727139;46.678978;Franco
3139;20200706;869000;CSS des Trois-Lacs;Centre de services scolaire des Trois-Lacs;400, avenue Saint-Charles;;71083;Vaudreuil-Dorion;V;J7V6B1;Commission scolaire;Public;www.cstrois-lacs.qc.ca;-74.028078;45.393752;Franco
3304;20200706;882000;CS Eastern Shores;Commission scolaire Eastern Shores;40, rue Mountsorrel;;05040;New Carlisle;M;G0C1Z0;Commission scolaire;Public;www.essb.qc.ca;-65.33311;48.00779;Anglo
3466;20200706;887000;CS English-Montréal;Commission scolaire English-Montréal;6000, avenue Fielding;;66023;Montréal;V;H3X1T4;Commission scolaire;Public;www.emsb.qc.ca;-73.636161;45.476157;Anglo
3004;20200706;866000;CSS du Val-des-Cerfs;Centre de services scolaire du Val-des-Cerfs;55, rue Court;C.P. 9000;47017;Granby;V;J2G9H7;Commission scolaire;Public;www.csvdc.qc.ca;-72.723752;45.400877;Franco
3171;20200706;871000;CSS de la Riveraine;Centre de services scolaire de la Riveraine;375, rue de Monseigneur-Brunault;;50072;Nicolet;V;J3T1Y6;Commission scolaire;Public;www.csriveraine.qc.ca;-72.61893;46.234229;Franco
3541;20200706;888000;CS Lester-B.-Pearson;Commission scolaire Lester-B.-Pearson;1925, avenue Brookdale;;66087;Dorval;V;H9P2Y7;Commission scolaire;Public;www.lbpsb.qc.ca;-73.771664;45.452203;Anglo
3333;20200706;883000;CS Eastern Townships;Commission scolaire Eastern Townships;340 rue Saint-Jean-Bosco;;45072;Magog;V;J1X1K9;Commission scolaire;Public;www.etsb.qc.ca;-72.135318;45.268979;Anglo
3048;20200706;867000;CSS des Grandes-Seigneuries;Centre de services scolaire des Grandes-Seigneuries;50, boulevard Taschereau;;67015;La Prairie;V;J5R4V3;Commission scolaire;Public;www.csdgs.qc.ca;-73.486718;45.422282;Franco
3196;20200706;872000;CSS des Bois-Francs;Centre de services scolaire des Bois-Francs;40, boulevard Bois-Francs Nord;;39062;Victoriaville;V;G6P6S5;Commission scolaire;Public;www.csbf.qc.ca;-71.952489;46.059131;Franco
3362;20200706;884000;CS Riverside;Commission scolaire Riverside;7525, chemin de Chambly;;58227;Longueuil;V;J3Y0N7;Commission scolaire;Public;www.rsb.qc.ca;-73.38973;45.489545;Anglo
3389;20200706;885000;CS Sir-Wilfrid-Laurier;Commission scolaire Sir-Wilfrid-Laurier;235 montée Lesage;;73020;Rosemère;V;J7A4Y6;Commission scolaire;Public;www.swlauriersb.qc.ca;-73.783307;45.646621;Anglo
3243;20200706;873000;CSS des Chênes;Centre de services scolaire des Chênes;457, rue des Écoles;;49058;Drummondville;V;J2B1J3;Commission scolaire;Public;www.csdeschenes.qc.ca;-72.484278;45.879131;Franco
3104;20200706;868000;CSS de la Vallée-des-Tisserands;Centre de services scolaire de la Vallée-des-Tisserands;630, rue Ellice;;70022;Beauharnois;V;J6N3S1;Commission scolaire;Public;www.csvt.qc.ca;-73.876742;45.312589;Franco
3430;20200706;886000;CS Western Québec;Commission scolaire Western Québec;15, rue Katimavik;;81017;Gatineau;V;J9J0E9;Commission scolaire;Public;www.wqsb.qc.ca;-75.806139;45.421717;Anglo
3282;20200706;881000;CS Central Québec;Commission scolaire Central Québec;2046, chemin Saint-Louis;;23027;Québec;V;G1T1P4;Commission scolaire;Public;www.cqsb.qc.ca;-71.251878;46.778397;Anglo
2862;20200706;864000;CSS Marie-Victorin;Centre de services scolaire Marie-Victorin;13, rue Saint-Laurent Est;;58227;Longueuil;V;J4H4B7;Commission scolaire;Public;http://www.csmv.qc.ca;-73.505301;45.540127;Franco
2719;20200706;853000;CSS des Laurentides;Centre de services scolaire des Laurentides;13, rue Saint-Antoine;;78032;Sainte-Agathe-des-Monts;V;J8C2C3;Commission scolaire;Public;www.cslaurentides.qc.ca;-74.2869;46.048095;Franco
2582;20200706;851000;CSS de la Seigneurie-des-Mille-Îles;Centre de services scolaire de la Seigneurie-des-Mille-Îles;430, boulevard Arthur-Sauvé;;72005;Saint-Eustache;V;J7R6V6;Commission scolaire;Public;www.cssmi.qc.ca;-73.907134;45.565029;Franco
2744;20200706;854000;CSS Pierre-Neveu;Centre de services scolaire Pierre-Neveu;525, rue de la Madone;;79088;Mont-Laurier;V;J9L1S4;Commission scolaire;Public;www.cspn.qc.ca;-75.497999;46.5528;Franco
2441;20200706;841000;CSS des Affluents;Centre de services scolaire des Affluents;80, rue Jean-Baptiste-Meilleur;;60013;Repentigny;V;J6A6C5;Commission scolaire;Public;www.csaffluents.qc.ca;-73.438529;45.761519;Franco
2757;20200706;861000;CSS de Sorel-Tracy;Centre de services scolaire de Sorel-Tracy;41, avenue de l'Hôtel-Dieu;;53052;Sorel-Tracy;V;J3P1L1;Commission scolaire;Public;www.cs-soreltracy.qc.ca;-73.114305;46.042266;Franco
2777;20200706;862000;CSS de Saint-Hyacinthe;Centre de services scolaire de Saint-Hyacinthe;2255, avenue Sainte-Anne;;54048;Saint-Hyacinthe;V;J2S5H7;Commission scolaire;Public;www.cssh.qc.ca;-72.954439;45.62932;Franco
2934;20200706;865000;CSS des Patriotes;Centre de services scolaire des Patriotes;1740, rue Roberval;;58037;Saint-Bruno-de-Montarville;V;J3V3R3;Commission scolaire;Public;www.csp.qc.ca;-73.339039;45.523142;Franco
2662;20200706;852000;CSS de la Rivière-du-Nord;Centre de services scolaire de la Rivière-du-Nord;995, rue Labelle;;75017;Saint-Jérôme;V;J7Z5N7;Commission scolaire;Public;http://www2.csrdn.qc.ca/;-74.008008;45.793736;Franco
2816;20200706;863000;CSS des Hautes-Rivières;Centre de services scolaire des Hautes-Rivières;210, rue Notre-Dame;;56083;Saint-Jean-sur-Richelieu;V;J3B6N3;Commission scolaire;Public;www.csdhr.qc.ca;-73.256102;45.31493;Franco
2515;20200706;842000;CSS des Samares;Centre de services scolaire des Samares;4671, rue Principale;;62007;Saint-Félix-de-Valois;M;J0K2M0;Commission scolaire;Public;www.cssamares.qc.ca;-73.425162;46.169294;Franco
3605;20200706;889000;CS New Frontiers;Commission scolaire New Frontiers;214, rue McLeod;;67050;Châteauguay;V;J6J2H4;Commission scolaire;Public;www.nfsb.qc.ca;-73.730918;45.363064;Anglo
