﻿OBJECTID;DT_MAJ_GDUNO;CD_ORGNS;NOM_COURT;NOM_OFFCL;ADRS_GEO_L1_GDUNO;ADRS_GEO_L2_GDUNO;CD_MUNCP;NOM_MUNCP;STAT_MUNCP;CD_POSTL_GDUNO;TYPE_ORGNS;RESEAU;SITE_WEB;COORD_X_LL84;COORD_Y_LL84
23;20200706;015500;Académie Kuper;Académie Kuper;2, rue Aesop ;;66102;Kirkland;V;H9H5G5;Établissement d'enseignement privé;Privé;www.kuperacademy.ca;-73.838803;45.453178
28;20200706;016500;Académie Lafontaine;Académie Lafontaine inc.;2171, boulevard Maurice;;75017;Saint-Jérôme;V;J7Y4M7;Établissement d'enseignement privé;Privé;www.academielafontaine.qc.ca;-74.007077;45.803262
31;20200706;017500;Collège Laurentien;Collège Laurentien;1200, 14e Avenue;;78005;Val-Morin;M;J0T2R0;Établissement d'enseignement privé;Privé;www.collegelaurentien.ca;-74.196636;46.014746
35;20200706;019500;Académie Louis-Pasteur;Académie Louis-Pasteur;7220, rue Marie-Victorin;;66023;Montréal;V;H1G2J5;Établissement d'enseignement privé;Privé;www.academielouispasteur.com;-73.602362;45.61726
40;20200706;024500;Académie Marie-Claire;Académie Marie-Claire;18190, boulevard Elkas;;66102;Kirkland;V;H9J3Y4;Établissement d'enseignement privé;Privé;www.amcca.ca;-73.883374;45.443047
44;20200706;025500;Académie Marie-Laurier;Académie Marie-Laurier;1555, avenue Stravinski;;58007;Brossard;V;J4X2H5;Établissement d'enseignement privé;Privé;www.marielaurier.com;-73.492023;45.443681
50;20200706;026500;Académie Michèle-Provost;Académie Michèle-Provost;1517, avenue Des Pins Ouest;;66023;Montréal;V;H3G1B3;Établissement d'enseignement privé;Privé;www.academiemicheleprovost.qc.ca;-73.586753;45.498468
1;20200706;001500;Académie Antoine Manseau;Académie Antoine Manseau;20, rue St-Charles Borromée S. C.P. 410;;61025;Joliette;V;J6E3Z9;Établissement d'enseignement privé;Privé;www.amanseau.qc.ca;-73.435402;46.02699
5;20200706;003500;L'Académie Beth Rivkah pour filles;L'Académie Beth Rivkah pour filles;5001, rue Vézina ;;66023;Montréal;V;H3W1C2;Établissement d'enseignement privé;Privé;;-73.645687;45.494799
8;20200706;004500;Académie Chrétienne Rive Nord;Académie Chrétienne Rive Nord;790, 18e Avenue;;65005;Laval;V;H7R4P3;Établissement d'enseignement privé;Privé;;-73.851856;45.558793
11;20200706;006500;Académie Francois-Labelle;Académie François-Labelle;1227, rue Notre-Dame;;60013;Repentigny;V;J5Y3H2;Établissement d'enseignement privé;Privé;www.academiefrancoislabelle.qc.ca;-73.407863;45.778173
14;20200706;007500;Académie Ibn Sina;Académie Ibn Sina;6500, 39e Avenue;;66023;Montréal;V;H1T2W8;Établissement d'enseignement privé;Privé;www.ibnsina.ca;-73.571898;45.572364
19;20200706;009500;Académie Kells;Académie Kells;6865, boulevard De Maisonneuve Ouest;;66023;Montréal;V;H4B1T1;Établissement d'enseignement privé;Privé;www.kells.ca;-73.631288;45.45948
109;20200706;056500;Collège Beaubois;Collège Beaubois;4901, rue du Collège-Beaubois;;66023;Montréal;V;H8Y3T4;Établissement d'enseignement privé;Privé;www.collegebeaubois.qc.ca/;-73.779589;45.507751
111;20200706;057500;Collège Bourget;Collège Bourget;65, rue Saint-Pierre;;71133;Rigaud;V;J0P1P0;Établissement d'enseignement privé;Privé;www.collegebourget.qc.ca;-74.30891;45.472717
114;20200706;058500;Collège Champagneur;Collège Champagneur;3713, rue Queen;;62037;Rawdon;M;J0K1S0;Établissement d'enseignement privé;Privé;www.champagneur.qc.ca;-73.710726;46.043784
116;20200706;059500;Collège Charlemagne;Collège Charlemagne inc.;5000, rue Pilon ;;66023;Montréal;V;H9K1G4;Établissement d'enseignement privé;Privé;www.collegecharlemagne.com;-73.918275;45.459005
118;20200706;065500;Collège Charles-Lemoyne;Collège Charles-Lemoyne;901, chemin Tiffin;;58227;Longueuil;V;J4P3G6;Établissement d'enseignement privé;Privé;monccl.com;-73.509842;45.514373
123;20200706;066500;Collège Clarétain de Victoriaville;Collège Clarétain de Victoriaville;663, rue Gamache;;39062;Victoriaville;V;G6R0W3;Établissement d'enseignement privé;Privé;www.collegeclaretain.com;-71.96921;46.041853
125;20200706;069500;Coll. de Champigny;Collège de Champigny;1400, route de l'Aéroport;;23027;Québec;V;G2G1G6;Établissement d'enseignement privé;Privé;www.collegedechampigny.com;-71.361844;46.790874
127;20200706;074500;Coll. de L'Assomption;Collège de L'Assomption;270, boulevard de l'Ange-Gardien;;60028;L'Assomption;V;J5W1R7;Établissement d'enseignement privé;Privé;www.classomption.qc.ca;-73.420768;45.827662
53;20200706;027500;Académie Saint-Louis;Académie Saint-Louis;1500, rue de la Rive-Boisée Sud;;23027;Québec;V;G2C2B3;Établissement d'enseignement privé;Privé;www.aslouis.qc.ca;-71.315332;46.829964
58;20200706;029500;Académie Ste-Thérèse;Académie Ste-Thérèse;425, rue Blainville Est ;;73010;Sainte-Thérèse;V;J7E1N7;Établissement d'enseignement privé;Privé;www.academie.ste-therese.com;-73.816268;45.6402
62;20200706;030500;Académie Solomon Schechter;Académie Solomon Schechter;5555, chemin de la Côte-Saint-Luc;;66023;Montréal;V;H3X2C9;Établissement d'enseignement privé;Privé;;-73.628583;45.478974
69;20200706;032500;Aviron Québec Collège Technique;Aviron Québec Collège Technique;270, boulevard Charest Est;;23027;Québec;V;G1K3H1;Établissement d'enseignement privé;Privé;www.avironquebec.com;-71.226636;46.812954
73;20200706;033500;Bishop's college school;Bishop's college school;80, chemin Moulton Hill ;;43027;Sherbrooke;V;J1M1Z8;Établissement d'enseignement privé;Privé;www:bishopscollegeschool.com;-71.843327;45.372191
75;20200706;034500;Centre académique de Lanaudière;Centre académique de Lanaudière;930, boulevard l'Assomption;;60013;Repentigny;V;J6A5H5;Établissement d'enseignement privé;Privé;www.lecadl.com;-73.448635;45.77014
78;20200706;035500;Centre académique Fournier;Centre académique Fournier inc.;5919, boulevard Henri-Bourassa Ouest;;66023;Montréal;V;H4R1B7;Établissement d'enseignement privé;Privé;www.academiefournier.qc.ca;-73.718233;45.516415
82;20200706;037500;Centre d'intégration scolaire inc.;Centre d'intégration scolaire inc.;6361, 6e Avenue;;66023;Montréal;V;H1Y2R7;Établissement d'enseignement privé;Privé;http://www.cisi.qc.ca/;-73.587193;45.55191
88;20200706;041500;École trilingue Vision Varennes;École trilingue Vision Varennes;104, boulevard de la Marine;;59020;Varennes;V;J3X1Z5;Établissement d'enseignement privé;Privé;https://varennes.ecolevision.com/;-73.43238;45.6637
94;20200706;044500;Centre François-Michelle;Centre François-Michelle;10095, rue Meunier ;;66023;Montréal;V;H3L2Z1;Établissement d'enseignement privé;Privé;www.francois-michelle.qc.ca;-73.663039;45.54406
100;20200706;046500;École Montessori des 4 Vallées;École Montessori des 4 Vallées;490, Route 105, bureau 105;;82025;Chelsea;M;J9B1L2;Établissement d'enseignement privé;Privé;www.montessorichelsea.ca;-75.782423;45.505866
104;20200706;048500;École Montessori de Montréal;École Montessori de Montréal;1505, rue Serre;;66023;Montréal;V;H8N1N3;Établissement d'enseignement privé;Privé;www.ecolemontessorimontreal.com;-73.623971;45.432249
107;20200706;053500;Centre psycho-pédagogique de Québec;Centre psycho-pédagogique de Québec inc.;1000, rue du Joli-Bois;;23027;Québec;V;G1V3Z6;Établissement d'enseignement privé;Privé;www.cppq.qc.ca;-71.289556;46.774932
178;20200706;119500;Collège Mont Notre-Dame;Collège Mont Notre-Dame;114, rue de la Cathédrale ;;43027;Sherbrooke;V;J1H4M1;Établissement d'enseignement privé;Privé;www.lemont.ca;-71.891976;45.401568
180;20200706;123500;Collège Mont-Sacré-Coeur;Collège Mont-Sacré-Coeur;210, rue Denison Est;;47017;Granby;V;J2H2R6;Établissement d'enseignement privé;Privé;info@college-msc.qc.ca;-72.705486;45.390826
182;20200706;124500;Coll. Mont-Royal;Collège Mont-Royal;2165, rue Baldwin ;;66023;Montréal;V;H1L5A7;Établissement d'enseignement privé;Privé;www.collegemont-royal.qc.ca;-73.515967;45.599066
184;20200706;125500;Coll. Mont-St-Louis;Collège Mont-Saint-Louis;1700, boulevard Henri-Bourassa Est;;66023;Montréal;V;H2C1J3;Établissement d'enseignement privé;Privé;www.msl.qc.ca;-73.658658;45.568714
186;20200706;126500;Collège Notre-Dame;Collège Notre-Dame;3791, chemin Queen-Mary ;;66023;Montréal;V;H3V1A8;Établissement d'enseignement privé;Privé;www.collegenotredame.com;-73.622487;45.493279
188;20200706;127500;Coll. N.-D.-de-l'Assomption;Collège Notre-Dame-de-l'Assomption;225, rue Saint-Jean-Baptiste;;50072;Nicolet;V;J3T0A2;Établissement d'enseignement privé;Privé;www.cnda.qc.ca;-72.621719;46.228627
190;20200706;128500;Coll. N.-D.-de-Lourdes;Collège Notre-Dame-de-Lourdes;845, chemin Tiffin ;;58227;Longueuil;V;J4P3G5;Établissement d'enseignement privé;Privé;www.ndl.qc.ca;-73.512326;45.51521
192;20200706;129500;Collège Massawippi;Collège Massawippi;470, rue Main;;45035;Ayer's Cliff;VL;J0B1C0;Établissement d'enseignement privé;Privé;www.collegeservite.ca;-72.070416;45.175371
194;20200706;136500;Collège Prep International;Collège Prep International;7475, rue Sherbrooke Ouest ;;66023;Montréal;V;H4B1S3;Établissement d'enseignement privé;Privé;www.prepinternational.com;-73.64254;45.454283
196;20200706;138500;Collège Citoyen;Collège Citoyen;4001, boulevard Sainte-Rose;;65005;Laval;V;H7R1W6;Établissement d'enseignement privé;Privé;www.collegecitoyen.ca;-73.831187;45.572044
198;20200706;139500;Coll. Regina Assumpta;Collège Regina Assumpta;1750, rue Sauriol Est ;;66023;Montréal;V;H2C1X4;Établissement d'enseignement privé;Privé;www.reginaassumpta.qc.ca;-73.650152;45.565297
129;20200706;075500;Collège de l'Ouest de l'Île;Collège de l'Ouest de l'Île;851, rue Tecumseh;;66142;Dollard-Des Ormeaux;V;H9B2L2;Établissement d'enseignement privé;Privé;http://www.westislandcollege.qc.ca;-73.814827;45.478745
132;20200706;076500;Coll. de Lévis;Collège de Lévis;9, rue Mgr Gosselin;;25213;Lévis;V;G6V5K1;Établissement d'enseignement privé;Privé;www.collegedelevis.qc.ca;-71.181767;46.812416
134;20200706;077500;Coll. de Montréal;Collège de Montréal;1931, rue Sherbrooke Ouest ;;66023;Montréal;V;H3H1E3;Établissement d'enseignement privé;Privé;www.college-montreal.qc.ca;-73.584509;45.495176
136;20200706;079500;Collège de Sainte-Anne-de-La-Pocatière;Collège de Sainte-Anne-de-La-Pocatière;100, 4e Avenue ;;14085;La Pocatière;V;G0R1Z0;Établissement d'enseignement privé;Privé;www.leadercsa.com;-70.040929;47.366844
138;20200706;084500;Collège Supérieur de Montréal;Collège Supérieur de Montréal;800, boulevard De Maisonneuve Est;5e étage;66023;Montréal;V;H2L4L8;Établissement d'enseignement privé;Privé;www.collegecsm.com;-73.559243;45.516114
141;20200706;085500;Collège Dina-Bélanger;Collège Dina-Bélanger;1, rue Saint-Georges;;19110;Saint-Michel-de-Bellechasse;M;G0R3S0;Établissement d'enseignement privé;Privé;www.collegedina-belanger.qc.ca;-70.906426;46.876847
143;20200706;086500;Collège du Mont-Sainte-Anne;Collège du Mont-Sainte-Anne;2100, chemin Sainte-Catherine ;;43027;Sherbrooke;V;J1N3V5;Établissement d'enseignement privé;Privé;www.collegemsa.com;-71.930901;45.371232
145;20200706;087500;Coll. du Sacré-Coeur;Collège du Sacré-Coeur;155, rue Belvédère Nord ;;43027;Sherbrooke;V;J1H4A7;Établissement d'enseignement privé;Privé;www.cscoeur.ca;-71.898115;45.400043
147;20200706;088500;Coll. Durocher St-Lambert;Collège Durocher Saint-Lambert;857, rue Riverside ;;58012;Saint-Lambert;V;J4P1C2;Établissement d'enseignement privé;Privé;www.cdsl.qc.ca;-73.517663;45.515686
150;20200706;089500;Coll. Esther Blondin;Collège Esther- Blondin;101, rue Sainte-Anne ;;63013;Saint-Jacques;M;J0K2R0;Établissement d'enseignement privé;Privé;www.collegeblondin.qc.ca;-73.563523;45.957286
152;20200706;096500;Collège Français;Collège Français;185, avenue Fairmount Ouest;;66023;Montréal;V;H2T2M6;Établissement d'enseignement privé;Privé;www.collegefrancais.ca;-73.596811;45.521624
156;20200706;097500;Collège Français;Collège Français;1391, rue Beauregard ;;58227;Longueuil;V;J4K2M3;Établissement d'enseignement privé;Privé;www.collegefrancais.ca;-73.488174;45.509316
158;20200706;098500;Coll. François-Delaplace;Collège François-Delaplace;365, rue Compton Est;;44080;Waterville;V;J0B3H0;Établissement d'enseignement privé;Privé;www.college-francois-delaplace.qc.ca;-71.886865;45.277407
160;20200706;099500;Collège Héritage de Châteauguay;Collège Héritage de Châteauguay inc.;270, boulevard d'Youville;;67050;Châteauguay;V;J6J4R6;Établissement d'enseignement privé;Privé;;-73.7533;45.373985
163;20200706;106500;Collège Jean-de-Brébeuf;Collège Jean-De-Brébeuf;3200, ch. Côte Ste-Catherine ;;66023;Montréal;V;H3T1C1;Établissement d'enseignement privé;Privé;www.brebeuf.qc.ca;-73.622805;45.501611
165;20200706;107500;Collège Jean de la Mennais;Collège Jean de la Mennais;870, chemin de Saint-Jean;;67015;La Prairie;V;J5R2L5;Établissement d'enseignement privé;Privé;www.jeandelamennais.qc.ca;-73.48519;45.411143
168;20200706;114500;Coll. Jean-Eudes;Collège Jean-Eudes;3535, boul. Rosemont ;;66023;Montréal;V;H1X1K7;Établissement d'enseignement privé;Privé;www.cje.qc.ca;-73.579182;45.555406
170;20200706;115500;Collège Jésus-Marie de Sillery;Collège Jésus-Marie de Sillery;2047, chemin Saint-Louis ;;23027;Québec;V;G1T1P3;Établissement d'enseignement privé;Privé;http://www.collegejesusmarie.com;-71.25006;46.776421
172;20200706;116500;Coll. Laval;Collège Laval;1275, avenue du Collège;;65005;Laval;V;H7C1W8;Établissement d'enseignement privé;Privé;http://www.collegelaval.ca;-73.649034;45.615166
174;20200706;117500;Coll. intern. Marie de France;Collège international Marie de France;4635, chemin Queen Mary ;;66023;Montréal;V;H3W1W3;Établissement d'enseignement privé;Privé;www.cimf.ca;-73.625122;45.490252
176;20200706;118500;Collège Marie-de-l'Incarnation;Collège Marie-de-l'Incarnation;725, rue Hart;;37067;Trois-Rivières;V;G9A4R9;Établissement d'enseignement privé;Privé;www.cmitr.qc.ca;-72.536931;46.345572
261;20200706;204500;École communautaire Belz;École communautaire Belz;1495, avenue Ducharme;;66023;Montréal;V;H2V1E8;Établissement d'enseignement privé;Privé;;-73.618011;45.520377
268;20200706;205500;Coll. compt. et sec. Québec, c.Longueuil;Collège de comptabilité et de secrétariat du Québec, campus de Longueuil inc.;910, boulevard Curé-Poirier Ouest;;58227;Longueuil;V;J4K2C7;Établissement d'enseignement privé;Privé;www.ccsq.ca;-73.488441;45.518413
272;20200706;206500;École Félix-Antoine;École Félix-Antoine;10730, rue Chambord;;66023;Montréal;V;H2C2R8;Établissement d'enseignement privé;Privé;www.ecolefelixantoine.qc.ca;-73.665252;45.561805
274;20200706;208500;Académie internationale Zig Zag;Académie internationale Zig Zag;27, rue Laurier Ouest;;39062;Victoriaville;V;G6P6P4;Établissement d'enseignement privé;Privé;www.zigetzag.com;-71.915982;46.037487
200;20200706;144500;Collège Rivier;Collège Rivier;343, rue Saint-Jacques Nord ;;44037;Coaticook;V;J1A2R2;Établissement d'enseignement privé;Privé;www.collegerivier.com;-71.796105;45.137964
202;20200706;145500;Collège Saint-Alexandre;Collège Saint-Alexandre de la Gatineau;2425, rue Saint-Louis;;81017;Gatineau;V;J8V1E7;Établissement d'enseignement privé;Privé;www.college-stalexandre.qc.ca;-75.750599;45.493558
204;20200706;147500;Collège Saint-Bernard;Collège Saint-Bernard;25, avenue des Frères;;49058;Drummondville;V;J2B6A2;Établissement d'enseignement privé;Privé;www.csb.qc.ca;-72.475889;45.88204
206;20200706;148500;Coll. Saint-Charles-Garnier;Collège Saint-Charles-Garnier;1150, boul René Lévesque Ouest ;;23027;Québec;V;G1S1V7;Établissement d'enseignement privé;Privé;www.collegesaint-charles.com;-71.245563;46.795244
208;20200706;149500;Collège Saint-Hilaire;Collège Saint-Hilaire;800, rue Rouillard;;57035;Mont-Saint-Hilaire;V;J3H0K4;Établissement d'enseignement privé;Privé;www.csh.qc.ca;-73.157676;45.568601
210;20200706;157500;Collège St-Jean-Vianney;Collège St-Jean-Vianney;12630, boulevard Gouin Est;;66023;Montréal;V;H1C1B9;Établissement d'enseignement privé;Privé;www.csjv.ca;-73.51985;45.691773
214;20200706;158500;Coll. Saint-Maurice;Collège Saint-Maurice;630, rue Girouard Ouest;;54048;Saint-Hyacinthe;V;J2S2Y3;Établissement d'enseignement privé;Privé;www.csm.qc.ca;-72.945441;45.63141
216;20200706;159500;Coll. Saint-Paul;Collège Saint-Paul;235, rue Sainte-Anne ;;59020;Varennes;V;J3X1P9;Établissement d'enseignement privé;Privé;www.college-st-paul.qc.ca;-73.442096;45.684844
218;20200706;164500;Collège Sainte-Marcelline;Collège Sainte-Marcelline;9155, boulevard Gouin Ouest;;66023;Montréal;V;H4K1C3;Établissement d'enseignement privé;Privé;http://college.marcelline.qc.ca;-73.746823;45.516635
220;20200706;165500;Coll. Stanislas;Collège Stanislas;780, boul. Dollard ;;66023;Montréal;V;H2V3G5;Établissement d'enseignement privé;Privé;www.stanislas.qc.ca;-73.614857;45.518005
223;20200706;166500;Coll. Ville-Marie;Collège Ville-Marie;2850, rue Sherbrooke Est ;;66023;Montréal;V;H2K1H3;Établissement d'enseignement privé;Privé;www.cvmarie.qc.ca;-73.558806;45.539631
225;20200706;167500;Succès Scolaire;Succès Scolaire;6750, rue Hutchison, bureau 201;;66023;Montréal;V;H3N1Y4;Établissement d'enseignement privé;Privé;www.successcolaire.ca/ecole;-73.617457;45.527984
230;20200706;168500;École Akiva;École Akiva;450, avenue Kensington;;66032;Westmount;V;H3Y3A2;Établissement d'enseignement privé;Privé;www.akivaschool.com;-73.598071;45.485155
233;20200706;169500;Alexander von Humb Éc. int. all.;Alexander von Humboldt École internationale allemande inc.;216, place Victoria ;;66112;Baie-D'Urfé;V;H9X2H9;Établissement d'enseignement privé;Privé;www.avh.montreal.qc.ca;-73.908621;45.41654
235;20200706;179500;École Anglissimo;École Anglissimo;2796, rue Prospect;;43027;Sherbrooke;V;J1L3A9;Établissement d'enseignement privé;Privé;www.ecoleanglissimo.com;-71.942719;45.410457
237;20200706;184500;ÉcolACTion;ÉcolACTion;681, rue Chabanel;;94068;Saguenay;V;G7H1Z7;Établissement d'enseignement privé;Privé;www.ecolaction.com;-71.052074;48.417649
239;20200706;185500;École Alex Manoogian;École Alex Manoogian;755, rue Manoogian;;66023;Montréal;V;H4N1Z5;Établissement d'enseignement privé;Privé;www.alexmanoogian.qc.ca;-73.667482;45.517839
241;20200706;186500;École au Jardin Bleu;École au Jardin Bleu;1690, rue Sauvé Est ;;66023;Montréal;V;H2C2A8;Établissement d'enseignement privé;Privé;;-73.648653;45.563148
243;20200706;187500;École Augustin Roscelli;École Augustin Roscelli;11960, boulevard de l'Acadie;;66023;Montréal;V;H3M2T7;Établissement d'enseignement privé;Privé;http://www.ecoleaugustinroscelli.com;-73.695283;45.540266
245;20200706;188500;École Beth Jacob de Rav Hirschprung;École Beth Jacob de Rav Hirschprung;1750, avenue Glendale;;66023;Montréal;V;H2V1B3;Établissement d'enseignement privé;Privé;;-73.623648;45.517322
248;20200706;189500;École bilingue Notre-Dame de Sion;École bilingue Notre-Dame de Sion;1775, rue Décarie;;66023;Montréal;V;H4L3N5;Établissement d'enseignement privé;Privé;ebnds.com;-73.692637;45.521041
251;20200706;195500;École Buissonnière;École Buissonnière;215, avenue De L'Épée;;66023;Montréal;V;H2V3T3;Établissement d'enseignement privé;Privé;www.ecolebuissonniere.ca;-73.599969;45.517841
253;20200706;196500;École Charles-Perrault (Pierrefonds);École Charles-Perrault (Pierrefonds);106, rue Cartier;;66023;Montréal;V;H8Y1G8;Établissement d'enseignement privé;Privé;www.ecolecharles-perrault.ca;-73.814567;45.503384
255;20200706;197500;École Charles Perrault (Laval);École Charles Perrault (Laval);1750, boulevard de la Concorde Est;;65005;Laval;V;H7G2E7;Établissement d'enseignement privé;Privé;ww.ecolecharlesperrault.com;-73.678766;45.579683
257;20200706;198500;École chrétienne Emmanuel;École chrétienne Emmanuel;4698, boulevard Saint-Jean;;66142;Dollard-Des Ormeaux;V;H9H4S5;Établissement d'enseignement privé;Privé;www.emmanuelcs.ca;-73.849777;45.486833
328;20200706;269500;Collège Pasteur;Collège Pasteur;12345, avenue de la Miséricorde;;66023;Montréal;V;H4J2E8;Établissement d'enseignement privé;Privé;www.collegepasteur.ca;-73.718425;45.53433
334;20200706;278500;Éc. Peter Hall;École Peter Hall inc.;840, boulevard de la Côte-Vertu;;66023;Montréal;V;H4L1Y4;Établissement d'enseignement privé;Privé;www.peterhall.qc.ca;-73.673889;45.518624
337;20200706;279500;École Plein Soleil (Association coop.);École Plein Soleil (Association coopérative);355, rue du Chardonnay;;43027;Sherbrooke;V;J1L0J3;Établissement d'enseignement privé;Privé;www.pleinsoleil.qc.ca;-71.94861;45.420034
339;20200706;283500;Éc.prém.-mat.Mont.Anc. Lorette;École prématernelle-maternelle Montessori (Ancienne-Lorette);5121, boulevard Chauveau;;23027;Québec;V;G2E5A6;Établissement d'enseignement privé;Privé;http://www.montessori-al.ca/ecole/;-71.366954;46.819682
341;20200706;288500;École première Mesifta du Canada;École première Mesifta du Canada;2355, avenue Ekers;;66072;Mont-Royal;V;H3S1C6;Établissement d'enseignement privé;Privé;;-73.628991;45.514823
278;20200706;209500;École de Formation Hébraïque;École de Formation Hébraïque;2, rue Hope;;66142;Dollard-Des Ormeaux;V;H9A2V5;Établissement d'enseignement privé;Privé;hfs.qc.ca;-73.820671;45.491926
283;20200706;215500;Coll. comp. et sec. Québec, c.Sherbrooke;Collège de comptabilité et de secrétariat du Québec, campus de Sherbrooke inc.;37, rue Wellington Nord;;43027;Sherbrooke;V;J1H5A9;Établissement d'enseignement privé;Privé;www.ccsq.ca;-71.890978;45.401926
285;20200706;216500;École de technologie gazière;École de technologie gazière;1350, rue Nobel, bureau 200;;58033;Boucherville;V;J4B5H3;Établissement d'enseignement privé;Privé;www.energir.com/etg;-73.426887;45.567135
287;20200706;218500;L'Éc. routier prof. du Québec;L'École du Routier Professionnel du Québec (1996) Inc.;12305, boulevard Métropolitain Est;;66023;Montréal;V;H1B5R3;Établissement d'enseignement privé;Privé;www.techni-data.com;-73.526983;45.652486
289;20200706;219500;École Miss Edgar et Miss Cramp;École Miss Edgar et Miss Cramp;525, avenue Mount Pleasant;;66032;Westmount;V;H3Y3H6;Établissement d'enseignement privé;Privé;www.ecs.qc.ca;-73.59676;45.491216
291;20200706;226500;Éc. Jésus-Marie Beauceville;École Jésus-Marie de Beauceville;670, 9e avenue ;;27028;Beauceville;V;G5X3P6;Établissement d'enseignement privé;Privé;www.ejm.qc.ca;-70.764944;46.203528
293;20200706;227500;École Le Sommet;École Le Sommet;1750, rue Deguire ;;66023;Montréal;V;H4L1M7;Établissement d'enseignement privé;Privé;www.summit-school.com;-73.693336;45.515974
297;20200706;228500;École Les Mélèzes;École Les Mélèzes;393, rue De Lanaudière;;61025;Joliette;V;J6E3L9;Établissement d'enseignement privé;Privé;www.lesmelezes.ca;-73.436092;46.022626
299;20200706;229500;École Maïmonide;École Maïmonide;1900, rue Bourdon;;66023;Montréal;V;H4M2X7;Établissement d'enseignement privé;Privé;www.ecolemaimonide.org;-73.673654;45.500483
302;20200706;237500;Éc. Marcelle-Mallet;École Marcelle-Mallet;51, rue Déziel;;25213;Lévis;V;G6V3T7;Établissement d'enseignement privé;Privé;www.emm.qc.ca;-71.185257;46.810132
304;20200706;238500;École Marie Gibeau;École Marie Gibeau;1331, rue Sainte-Hélène;;58227;Longueuil;V;J4K3S4;Établissement d'enseignement privé;Privé;www.ecolemariegibeau.com;-73.497933;45.517821
306;20200706;239500;École Marie-Anne;École Marie-Anne;4567, rue du Mont-Pontbriand ;;62037;Rawdon;M;J0K1S0;Établissement d'enseignement privé;Privé;www.ecolemarieanne.org;-73.739535;46.059171
308;20200706;244500;École Marie-Clarac;École Marie-Clarac;11273, avenue de Mère-Anselme;;66023;Montréal;V;H1H4Z2;Établissement d'enseignement privé;Privé;www.ecolemarie-clarac.qc.ca;-73.648541;45.589962
311;20200706;249500;École Montessori de l'Outaouais;École Montessori de l'Outaouais;161, rue Principale;;81017;Gatineau;V;J9H7H4;Établissement d'enseignement privé;Privé;www.montessori-outaouais.qc.ca;-75.839754;45.396268
314;20200706;253500;École Montessori de la Mauricie;École Montessori de la Mauricie;6400, rue Marion;;37067;Trois-Rivières;V;G9A6H3;Établissement d'enseignement privé;Privé;;-72.578978;46.320023
316;20200706;254500;École Montessori de Québec;École Montessori de Québec inc.;1265, avenue du Buisson;;23027;Québec;V;G1T2C4;Établissement d'enseignement privé;Privé;montessori-qc.net;-71.257487;46.779638
318;20200706;259500;École Montessori Ville-Marie;École Montessori Ville-Marie;760, rue St-Germain;;66023;Montréal;V;H4L3R5;Établissement d'enseignement privé;Privé;;-73.676618;45.511912
324;20200706;266500;École Notre Dame de Nareg;École Notre Dame de Nareg;500, 67e Avenue;;65005;Laval;V;H7V2N2;Établissement d'enseignement privé;Privé;;-73.732803;45.542211
326;20200706;268500;Éc. orale de Mtl pour sourds;École orale de Montréal pour les sourds, inc.;4670, rue Sainte-Catherine Ouest;;66032;Westmount;V;H3Z1S5;Établissement d'enseignement privé;Privé;www.montrealoralschool.com;-73.595805;45.478601
406;20200706;348500;Éducation Plus;Éducation Plus;1275, rue Hodge;;66023;Montréal;V;H4N2B1;Établissement d'enseignement privé;Privé;edplus.ca;-73.667284;45.509941
408;20200706;349500;Externat Mont-Jésus-Marie;Externat Mont-Jésus-Marie;2755, chemin de la Côte-Sainte-Catherine;;66023;Montréal;V;H3T1B5;Établissement d'enseignement privé;Privé;www.montjesusmarie.com;-73.62201;45.506759
410;20200706;350500;Externat Sacré-Coeur;Externat Sacré-Coeur;535, rue Lefrançois ;;73020;Rosemère;V;J7A4R5;Établissement d'enseignement privé;Privé;externat.qc.ca;-73.790121;45.654469
412;20200706;351500;Externat St-Jean-Berchmans;Externat St-Jean-Berchmans;2303, chemin Saint-Louis;;23027;Québec;V;G1T1R5;Établissement d'enseignement privé;Privé;www.externatsjb.com;-71.259299;46.770638
414;20200706;352500;Saint-Jean-Eudes;Saint-Jean-Eudes;650, avenue du Bourg-Royal;;23027;Québec;V;G2L1M8;Établissement d'enseignement privé;Privé;www.saint-jean-eudes.com;-71.24345;46.876965
417;20200706;364500;Académie adventiste Greaves;Académie adventiste Greaves;2330, avenue West Hill;;66023;Montréal;V;H4B2S4;Établissement d'enseignement privé;Privé;www.greavesadventistacademy.com;-73.623178;45.463916
420;20200706;365500;Institut d'enseignement de Sept-Îles;Institut d'enseignement de Sept-Îles;737, avenue Gamache;;97007;Sept-Îles;V;G4R2J8;Établissement d'enseignement privé;Privé;http://www.iesi.in;-66.390348;50.217539
422;20200706;367500;Collège Reine-Marie;Collège Reine-Marie;9300, boulevard Saint-Michel;;66023;Montréal;V;H1Z3H1;Établissement d'enseignement privé;Privé;www.reine-marie.qc.ca;-73.632718;45.572669
424;20200706;368500;Institut Saint-Joseph;Institut Saint-Joseph;900, avenue Joffre;;23027;Québec;V;G1S4Z3;Établissement d'enseignement privé;Privé;www.st-joseph.qc.ca;-71.245111;46.795778
426;20200706;374500;Institut secondaire Keranna;Institut secondaire Keranna;6205, boulevard des Chenaux;;37067;Trois-Rivières;V;G8Y6Z1;Établissement d'enseignement privé;Privé;www.keranna.qc.ca;-72.604841;46.357709
348;20200706;304500;École Les Trois Saisons;École Les Trois Saisons;570, boulevard de Mortagne;;58033;Boucherville;V;J4B5E4;Établissement d'enseignement privé;Privé;www.ecoletroissaisons.com;-73.432659;45.593692
350;20200706;305500;École Socrates-Démosthène;École Socrates-Démosthène;5757, avenue Wilderton;;66023;Montréal;V;H3S2K8;Établissement d'enseignement privé;Privé;www.socdem.org;-73.61977;45.509047
357;20200706;306500;École Rudolf Steiner de Montréal;École Rudolf Steiner de Montréal;4855, avenue de Kensington;;66023;Montréal;V;H3X3S6;Établissement d'enseignement privé;Privé;www.ersm.org;-73.635613;45.471632
359;20200706;308500;École St-Georges de Montréal;L'École St-Georges de Montréal inc.;3100, Le Boulevard;;66023;Montréal;V;H3Y1R9;Établissement d'enseignement privé;Privé;www.stgeorges.qc.ca;-73.596726;45.493735
362;20200706;311500;École Saint-Joseph (1985);École Saint-Joseph (1985);4080, avenue De Lorimier;;66023;Montréal;V;H2K3X7;Établissement d'enseignement privé;Privé;www.stjoseph.qc.ca;-73.566583;45.531947
364;20200706;312500;École Sainte-Anne;École Sainte-Anne;6855, 13e Avenue;;66023;Montréal;V;H1X2Z3;Établissement d'enseignement privé;Privé;www.ecolesainte-anne.ca;-73.591516;45.558645
366;20200706;313500;École Sainte-Famille;École Sainte-Famille;10425, boulevard Guillaume-Couture;;25213;Lévis;V;G6V9R6;Établissement d'enseignement privé;Privé;;-71.089286;46.826617
368;20200706;314500;Éc. sec. de Bromptonville;École secondaire de Bromptonville;125, rue du Frère-Théode;;43027;Sherbrooke;V;J1C0S3;Établissement d'enseignement privé;Privé;http://ecolesecondairebromptonville.com/;-71.953104;45.47155
370;20200706;315500;Éc. sec. du Verbe Divin;École secondaire du verbe divin inc.;1021, rue Cowie C.P. 786;;47017;Granby;V;J2G8W8;Établissement d'enseignement privé;Privé;verbedivin.com;-72.773203;45.396514
372;20200706;316500;École secondaire Duval;École secondaire Duval inc.;260, boulevard Henri-Bourassa Est;;66023;Montréal;V;H3L1B8;Établissement d'enseignement privé;Privé;www.ecoleduval.com;-73.669292;45.552632
374;20200706;317500;École secondaire privée François-Bourrin;École secondaire privée François-Bourrin;50, avenue des Cascades;;23027;Québec;V;G1E2J7;Établissement d'enseignement privé;Privé;ecolefrancoisbourrin.ca;-71.196091;46.861634
376;20200706;321500;Collège Boisbriand 2016;Collège Boisbriand 2016;4747, rue Ambroise-Lafortune;;73005;Boisbriand;V;J7H0A4;Établissement d'enseignement privé;Privé;www.collegeboisbriand.qc.ca;-73.868006;45.64072
378;20200706;322500;Collège Letendre;Collège Letendre;1000, boulevard de l'Avenir;;65005;Laval;V;H7N6J6;Établissement d'enseignement privé;Privé;www.collegeletendre.qc.ca;-73.72202;45.560215
380;20200706;323500;Éc. sec. Marcellin-Champagnat;École secondaire Marcellin-Champagnat;14, chemin des Patriotes Est;;56083;Saint-Jean-sur-Richelieu;V;J2X5P9;Établissement d'enseignement privé;Privé;www.esmc.qc.ca;-73.247404;45.317844
382;20200706;324500;Collège d'Anjou;Collège d'Anjou;11000, rue Renaude-Lapointe;;66023;Montréal;V;H1J2V7;Établissement d'enseignement privé;Privé;www.collegedanjou.qc.ca;-73.592351;45.611626
384;20200706;326500;École secondaire Mont-Saint-Sacrement;École secondaire Mont-Saint-Sacrement;200, boulevard Saint-Sacrement;;22025;Saint-Gabriel-de-Valcartier;M;G0A4S0;Établissement d'enseignement privé;Privé;www.mss.qc.ca;-71.507465;46.978589
386;20200706;327500;Collège Notre-Dame de Rivière-du-Loup;Collège Notre-Dame de Rivière-du-Loup;56, rue Saint-Henri;;12072;Rivière-du-Loup;V;G5R2A1;Établissement d'enseignement privé;Privé;www.collegenotredame.ca;-69.536041;47.822242
388;20200706;335500;Coll. St-Joseph de Hull;Collège Saint-Joseph de Hull;174, rue Notre-Dame-de-l'ÎIe;;81017;Gatineau;V;J8X3T4;Établissement d'enseignement privé;Privé;www.collegestjoseph.ca;-75.710378;45.431405
390;20200706;336500;Éc. sec. St-Joseph St-Hyac.;École secondaire Saint-Joseph de Saint-Hyacinthe;2875, ave Bourdages Nord;;54048;Saint-Hyacinthe;V;J2S5S3;Établissement d'enseignement privé;Privé;www.essj.qc.ca;-72.964217;45.632777
392;20200706;337500;Coll. Saint-Sacrement;Collège Saint-Sacrement;901, rue Saint-Louis;;64008;Terrebonne;V;J6W1K1;Établissement d'enseignement privé;Privé;www.collegesaintsacrement.qc.ca;-73.637612;45.696245
394;20200706;338500;École Selwyn House;École Selwyn House;95, chemin de la Côte-Saint-Antoine;;66032;Westmount;V;H3Y2H8;Établissement d'enseignement privé;Privé;www.selwyn.ca;-73.59748;45.486131
397;20200706;339500;École sur Mesure;École sur Mesure;2270, boulevard Marie-Victorin;;58227;Longueuil;V;J4G1B3;Établissement d'enseignement privé;Privé;www.ecolesurmesure.com;-73.47882;45.575426
400;20200706;345500;École Vanguard;École Vanguard;5935, chemin de la Côte-de-Liesse;;66023;Montréal;V;H4T1C3;Établissement d'enseignement privé;Privé;www.vanguardquebec.qc.ca;-73.683734;45.49155
403;20200706;347500;Écoles musulmanes de Montréal;Écoles musulmanes de Montréal;7445, avenue Chester;;66023;Montréal;V;H4V1M4;Établissement d'enseignement privé;Privé;www.emms.ca;-73.654803;45.459612
475;20200706;408500;Le Collège Lower Canada;Le Collège Lower Canada;4090, avenue Royal;;66023;Montréal;V;H4A2M5;Établissement d'enseignement privé;Privé;www.lcc.ca;-73.624113;45.470475
478;20200706;410500;École secondaire Loyola;École secondaire Loyola;7272, rue Sherbrooke Ouest ;;66023;Montréal;V;H4B1R2;Établissement d'enseignement privé;Privé;www.loyola.ca;-73.63894;45.456681
480;20200706;426500;Académie des Sacrés-Coeurs;Académie des Sacrés-Coeurs;1575, rang des Vingt;;58037;Saint-Bruno-de-Montarville;V;J3V4P6;Établissement d'enseignement privé;Privé;www.academiedessacrescoeurs.ca;-73.294795;45.541463
482;20200706;434500;Pens. du St-Nom de Marie;Pensionnat du Saint-Nom-de-Marie;628, chemin de la Côte-Sainte-Catherine;;66023;Montréal;V;H2V2C5;Établissement d'enseignement privé;Privé;www.psnm.qc.ca;-73.613168;45.512113
484;20200706;435500;Pensionnat Notre-Dame-des-Anges;Pensionnat Notre-Dame-des-Anges;5680, boulevard Rosemont;;66023;Montréal;V;H1T2H2;Établissement d'enseignement privé;Privé;www.pnda.qc.ca;-73.560568;45.576014
486;20200706;436500;Externat Saint-Coeur de Marie;Externat Saint-Coeur de Marie;28, avenue des Cascades;;23027;Québec;V;G1E2J8;Établissement d'enseignement privé;Privé;www.externat-scm.ca;-71.200223;46.862688
489;20200706;444500;Séminaire de Chicoutimi;Séminaire de Chicoutimi - services éducatifs;679, rue Chabanel ;;94068;Saguenay;V;G7H1Z7;Établissement d'enseignement privé;Privé;www.seminairedechicoutimi.ca;-71.03712;48.41814
491;20200706;445500;Collège Trinité;Collège Trinité;1475, chemin des Vingt;;58037;Saint-Bruno-de-Montarville;V;J3V4P6;Établissement d'enseignement privé;Privé;www.collegetrinite.ca;-73.30232;45.535601
493;20200706;446500;Sém. de Sherbrooke;Séminaire de Sherbrooke;195, rue Marquette ;;43027;Sherbrooke;V;J1H1L6;Établissement d'enseignement privé;Privé;www.seminaire-sherbrooke.qc.ca;-71.894517;45.403012
428;20200706;375500;Institut technique Aviron de Montréal;Institut technique Aviron de Montréal;5460, avenue Royalmount;;66072;Mont-Royal;V;H4P1H7;Établissement d'enseignement privé;Privé;www.avirontech.com;-73.662835;45.496054
431;20200706;377500;Juvénat Notre-Dame du Saint-Laurent;Juvénat Notre-Dame du Saint-Laurent;30, rue du Juvénat;;25213;Lévis;V;G6W7X2;Établissement d'enseignement privé;Privé;www.jnd.qc.ca;-71.235499;46.761893
433;20200706;380500;L'Académie Centennial;L'Académie Centennial;2065, rue Sherbrooke Ouest;;66023;Montréal;V;H3H1G6;Établissement d'enseignement privé;Privé;www.centennial.qc.ca;-73.586766;45.493525
437;20200706;382500;Académie hébraïque;Académie hébraïque inc.;5700, avenue Kellert;;66058;Côte-Saint-Luc;V;H4W1T4;Établissement d'enseignement privé;Privé;www.ha-mtl.org;-73.661623;45.472588
440;20200706;384500;L'École Ali Ibn Abi Talib;L'École Ali Ibn Abi Talib;1610, rue De Beauharnois Ouest;;66023;Montréal;V;H4N1J5;Établissement d'enseignement privé;Privé;www.ecoleali.com;-73.652381;45.528778
442;20200706;385500;L'École arménienne Sourp Hagop;L'École arménienne Sourp Hagop;3400, rue Nadon ;;66023;Montréal;V;H4J1P5;Établissement d'enseignement privé;Privé;www.ecolesourphagop.com;-73.695949;45.531365
444;20200706;386500;L'École Ursulines Québec Loretteville;L'École des Ursulines de Québec et Loretteville;4, rue du Parloir;;23027;Québec;V;G1R4M5;Établissement d'enseignement privé;Privé;www.euq.ca;-71.208191;46.811724
448;20200706;388500;L'École Sacré-Coeur de Montréal;L'École Sacré-Coeur de Montréal;3635, avenue Atwater;;66023;Montréal;V;H3H1Y4;Établissement d'enseignement privé;Privé;www.sacredheart.qc.ca;-73.587554;45.495201
452;20200706;394500;École à pas de géant;École à pas de géant;5460, rue Connaught;;66023;Montréal;V;H4V1X7;Établissement d'enseignement privé;Privé;www.giantstepsmontreal.com;-73.655626;45.461519
454;20200706;395500;École Lucien-Guilbault inc.;École Lucien-Guilbault inc.;3165, rue de Louvain Est;;66023;Montréal;V;H1Z1J7;Établissement d'enseignement privé;Privé;www.lucien-guilbault.ca;-73.631335;45.572592
457;20200706;396500;La Réussite inc.;La Réussite inc.;280, boulevard du Fort-Saint-Louis;Bureau 105;58033;Boucherville;V;J4B1S1;Établissement d'enseignement privé;Privé;www.lareussite.qc.ca;-73.454728;45.595314
459;20200706;397500;La maternelle de Marie-Claire;La maternelle de Marie-Claire inc.;18190, boulevard Elkas;;66102;Kirkland;V;H9J3Y4;Établissement d'enseignement privé;Privé;www.academiemarie-claire.qc.ca;-73.883374;45.443047
461;20200706;398500;La Petite Académie;La Petite Académie;1090, avenue Pratte;;54048;Saint-Hyacinthe;V;J2S4B6;Établissement d'enseignement privé;Privé;www.lapetiteacademie.qc.ca;-72.943017;45.632967
463;20200706;401500;Collège François-de-Laval;Collège François-de-Laval;6, rue de la Vieille-Université;;23027;Québec;V;G1R5X8;Établissement d'enseignement privé;Privé;www.collegefdl.ca;-71.206338;46.815291
465;20200706;403500;Les écoles communautaires Skver;Les écoles communautaires Skver;940, avenue Outremont;;66023;Montréal;V;H2V4P8;Établissement d'enseignement privé;Privé;;-73.616903;45.52229
468;20200706;404500;Les Éc. juives pop. et les Éc. Peretz;Les Écoles juives populaires et les Écoles Peretz inc.;6502, chemin Kildare;;66058;Côte-Saint-Luc;V;H4W3B8;Établissement d'enseignement privé;Privé;jppsbialik.ca;-73.657625;45.479072
471;20200706;405500;Les Filles de Sainte-Marie de Leuca;Les Filles de Sainte-Marie de Leuca;125, rue Coulonge ;;58227;Longueuil;V;J4G1H7;Établissement d'enseignement privé;Privé;;-73.483332;45.569407
473;20200706;407500;Séminaire Marie-Reine-du-Clergé;Séminaire Marie-Reine-du-Clergé;1569, route 169;;93012;Métabetchouan--Lac-à-la-Croix;V;G8G1A8;Établissement d'enseignement privé;Privé;www.smrc.qc.ca;-71.84267;48.438927
554;20200706;515500;L'École l'Eau-Vive;L'École l'Eau-Vive;4690, avenue Chauveau;;23027;Québec;V;G2C1A7;Établissement d'enseignement privé;Privé;www.ecoleleauvive.com;-71.359581;46.826126
556;20200706;518500;Ctre form. profess. électrol. et esthét.;Centre de formation professionnelle d'électrolyse et d'esthétique;1428, chemin de Chambly;;58227;Longueuil;V;J4J3X3;Établissement d'enseignement privé;Privé;www.cfpee.ca;-73.486519;45.531146
559;20200706;523500;Éc. oraliste de Qc enf. malent. sourds;École oraliste de Québec pour enfants malentendants ou sourds;1090, boulevard René-Lévesque Ouest;;23027;Québec;V;G1S1V5;Établissement d'enseignement privé;Privé;www.ecoleoraliste.qc.ca;-71.243077;46.79544
561;20200706;524500;Collège Nouvelles Frontières;Collège Nouvelles Frontières;250, rue Gamelin;;81017;Gatineau;V;J8Y1W9;Établissement d'enseignement privé;Privé;www.nouvelles-frontieres.ca;-75.749;45.443957
563;20200706;526500;École Al-Houda;École Al-Houda;7085, chemin de la Côte-Des-Neiges;;66023;Montréal;V;H3R2M1;Établissement d'enseignement privé;Privé;www.ecolealhouda.ca;-73.640135;45.505181
565;20200706;528500;Collège CDI;Collège CDI Administration. Technologie. Santé;416, boulevard De Maisonneuve Ouest;bureau 700;66023;Montréal;V;H3A1L2;Établissement d'enseignement privé;Privé;www.collegecdi.ca;-73.569586;45.505859
568;20200706;534500;Collège Herzing;Collège Herzing;1616, boulevard René-Lévesque Ouest;;66023;Montréal;V;H3H1P8;Établissement d'enseignement privé;Privé;www.herzing.edu;-73.575236;45.493246
570;20200706;547500;École Les Jeunes Explorateurs;École Les Jeunes Explorateurs;210, rue Denison Est;;47017;Granby;V;J2G8E3;Établissement d'enseignement privé;Privé;www.ecolelesjeunesexplorateurs.com;-72.705486;45.390826
572;20200706;548500;Académie St-Margaret;Académie St-Margaret;383, chemin des Anglais;;64015;Mascouche;V;J7L3P9;Établissement d'enseignement privé;Privé;www.academiesm.ca;-73.651656;45.732831
495;20200706;447500;Sém. des Pères Maristes;Séminaire des Pères Maristes;2315, chemin Saint-Louis ;;23027;Québec;V;G1T1R5;Établissement d'enseignement privé;Privé;http://www.spmaristes.qc.ca;-71.26022;46.770003
497;20200706;448500;Séminaire du Sacré Coeur;Séminaire du Sacré Coeur;2738, route 148;;76052;Grenville-sur-la-Rouge;M;J0V1B0;Établissement d'enseignement privé;Privé;www.ssc.quebec;-74.749935;45.646397
499;20200706;449500;Collège des Hauts Sommets;Collège des Hauts Sommets;97, avenue de la Montagne;;21005;Saint-Tite-des-Caps;M;G0A4J0;Établissement d'enseignement privé;Privé;www.deshautssommets.com;-70.795668;47.109986
501;20200706;454500;Sém. Saint-François;Séminaire Saint-François;4900, rue Saint-Félix;;23072;Saint-Augustin-de-Desmaures;V;G3A0L4;Établissement d'enseignement privé;Privé;www.ss-f.com;-71.391594;46.736352
503;20200706;455500;Sém. St-Joseph Trois-Rivières;Le Séminaire de Saint-Joseph des Trois-Rivières;858, boul. Laviolette ;;37067;Trois-Rivières;V;G9A5S3;Établissement d'enseignement privé;Privé;www.ssj.qc.ca;-72.544762;46.349071
505;20200706;456500;Le Séminaire Sainte-Marie;Le Séminaire Sainte-Marie;5655, boulevard des Hêtres;;36033;Shawinigan;V;G9N4V9;Établissement d'enseignement privé;Privé;http://www.seminairestemarie.com;-72.728811;46.575017
507;20200706;457500;Le Salésien;Le Salésien;135, rue Don Bosco Nord ;;43027;Sherbrooke;V;J1L1E5;Établissement d'enseignement privé;Privé;www.lesalesien.com;-71.951989;45.397899
509;20200706;463500;Collège Stanstead;Collège Stanstead;450, rue Dufferin ;;45008;Stanstead;V;J0B3E0;Établissement d'enseignement privé;Privé;www.stansteadcollege.com;-72.092061;45.011766
511;20200706;464500;Les écoles Azrieli Talmud Torah-Herzliah;Les écoles Azrieli Talmud Torah - Herzliah;5475, avenue Mountain Sights;;66023;Montréal;V;H3W2Y8;Établissement d'enseignement privé;Privé;www.azrieli-tth.ca;-73.634089;45.487752
516;20200706;465500;École Priory;École Priory inc.;3120, Le Boulevard;;66023;Montréal;V;H3Y1R9;Établissement d'enseignement privé;Privé;www.priory.qc.ca;-73.597058;45.493321
518;20200706;466500;The Study;The Study;3233, The Boulevard;;66032;Westmount;V;H3Y1S4;Établissement d'enseignement privé;Privé;www.thestudy.qc.ca;-73.600725;45.490852
521;20200706;467500;Collège Trafalgar pour filles;Collège Trafalgar pour filles;3495, rue Simpson ;;66023;Montréal;V;H3G2J7;Établissement d'enseignement privé;Privé;;-73.583696;45.498713
523;20200706;468500;École Val Marie;École Val Marie inc.;88, chemin du Passage ;;37067;Trois-Rivières;V;G8T2M3;Établissement d'enseignement privé;Privé;www.valmarie.net;-72.54064;46.370872
525;20200706;469500;Villa Maria;Villa Maria;4245, boul. Décarie ;;66023;Montréal;V;H4A3K4;Établissement d'enseignement privé;Privé;;-73.616711;45.481876
528;20200706;477500;Villa Sainte-Marcelline;Villa Sainte-Marcelline;815, avenue Upper Belmont;;66032;Westmount;V;H3Y1K5;Établissement d'enseignement privé;Privé;http://villa.marcelline.qc.ca;-73.617444;45.489622
530;20200706;478500;Académie Yéshiva Yavné;Académie Yéshiva Yavné;7946, chemin Wavell;;66058;Côte-Saint-Luc;V;H4W1L7;Établissement d'enseignement privé;Privé;;-73.664451;45.46113
532;20200706;479500;Yeshiva Gedola-Merkaz Hatorah;Yeshiva Gedola-Merkaz Hatorah de Montréal;6155, chemin Deacon ;;66023;Montréal;V;H3S2P4;Établissement d'enseignement privé;Privé;www.yeshivagedola.org;-73.620252;45.512772
535;20200706;485500;Campus Notre-Dame-de-Foy;Campus Notre-Dame-de-Foy;5000, rue Clément-Lockquell ;;23072;Saint-Augustin-de-Desmaures;V;G3A1B3;Établissement d'enseignement privé;Privé;www.cndf.qc.ca;-71.399553;46.736869
537;20200706;493500;Éc. Montessori International Blainville;École Montessori International Blainville inc.;325, chemin du Bas-de-Sainte-Thérèse;;73015;Blainville;V;J7A0A3;Établissement d'enseignement privé;Privé;www.montessori-international.ca;-73.798388;45.651242
539;20200706;497500;École du Routier G.C.;École du Routier G.C. inc.;2220, rue Louis-Allyson ;;37067;Trois-Rivières;V;G8Z4P3;Établissement d'enseignement privé;Privé;www.ergc.ca;-72.573391;46.336729
541;20200706;507500;École nationale de cirque;École nationale de cirque;8181, 2e Avenue;;66023;Montréal;V;H1Z4N9;Établissement d'enseignement privé;Privé;www.enc.qc.ca;-73.613646;45.561794
543;20200706;508500;L'École des Premières Lettres;L'École des Premières Lettres;5210, rue Waverly;;66023;Montréal;V;H2T2X7;Établissement d'enseignement privé;Privé;www.premiereslettres.com;-73.596437;45.522036
545;20200706;509500;Collège Jacques-Prévert;Collège Jacques-Prévert;12349, rue de Serres ;;66023;Montréal;V;H4J2H1;Établissement d'enseignement privé;Privé;www.collegejacquesprevert.ca;-73.719485;45.533779
547;20200706;511500;École JMC;École JMC;2205, rue de l'Église;;66023;Montréal;V;H4M1G5;Établissement d'enseignement privé;Privé;www.ecolejmc.ca;-73.689494;45.503697
549;20200706;512500;École internationale des Apprenants;École internationale des Apprenants;4505, boulevard Henri-Bourassa Ouest;;66023;Montréal;V;H4L1A5;Établissement d'enseignement privé;Privé;www.ecoleia.ca;-73.703811;45.524504
551;20200706;513500;Académie des pompiers;Académie des pompiers;9401, côte des Saints;;74005;Mirabel;V;J7N2X4;Établissement d'enseignement privé;Privé;www.academiedespompiers.ca;-74.092194;45.652927
622;20200706;616500;École Trilingue Vision Vict. Maternelle;École Trilingue Vision Victoriaville - Maternelle;905, boulevard des Bois-Francs Sud;;39062;Victoriaville;V;G6P5W1;Établissement d'enseignement privé;Privé;www.ecolevision.com;-71.917929;46.03896
624;20200706;617500;École trilingue Vision Beauce;École trilingue Vision Beauce;566, boulevard Lamontagne;;26030;Sainte-Marie;V;G6E0G2;Établissement d'enseignement privé;Privé;beauce.ecolevision.com;-71.012845;46.443692
626;20200706;618500;École Montessori International Montréal;École Montessori International Montréal inc.;10025, boulevard de l'Acadie;;66023;Montréal;V;H4N2S1;Établissement d'enseignement privé;Privé;emimontreal.ca;-73.672173;45.535246
628;20200706;624500;Académie Lavalloise;Académie Lavalloise;5290, boulevard des Laurentides;;65005;Laval;V;H7K2J8;Établissement d'enseignement privé;Privé;www.academielavalloise.com;-73.748175;45.622826
630;20200706;625500;École Trilingue Vision St-Jean;École Trilingue Vision St-Jean;415, rue des Colibris;;56083;Saint-Jean-sur-Richelieu;V;J2W0B3;Établissement d'enseignement privé;Privé;www.ecolevision.com;-73.281847;45.359451
632;20200706;627500;École Montessori de Laval;École Montessori de Laval;3327, boulevard de la Concorde Est;;65005;Laval;V;H7E2C3;Établissement d'enseignement privé;Privé;www.ecolemontessori.com;-73.664246;45.593911
634;20200706;628500;École La Source;École La Source;1399, rue Campbell;;43027;Sherbrooke;V;J1M0C1;Établissement d'enseignement privé;Privé;www.eplasource.org;-71.84612;45.342347
636;20200706;629500;École trilingue Vision Québec nord;École trilingue Vision Québec nord;650, avenue du Bourg-Royal;;23027;Québec;V;G2L1M8;Établissement d'enseignement privé;Privé;quebecnord.ecolevision.com;-71.24345;46.876965
638;20200706;634500;École Imagine;École Imagine;2464, rue de l'Église;;78010;Val-David;VL;J0T2N0;Établissement d'enseignement privé;Privé;www.ecoleimagine.org;-74.2074;46.028918
640;20200706;635500;Académie Étoile du Nord Laval;Académie Étoile du Nord Laval;950, rue Élodie-Boucher;;65005;Laval;V;H7W0C6;Établissement d'enseignement privé;Privé;www.northstaracademy.ca;-73.780679;45.530446
574;20200706;550500;École trilingue Vision Trois-Rivières;École trilingue Vision Trois-Rivières;3550, rue Marguerite-Seigneuret;;37067;Trois-Rivières;V;G9B0M5;Établissement d'enseignement privé;Privé;troisrivieres.ecolevision.com;-72.625563;46.322813
577;20200706;552500;École trilingue Vision Rive-Sud;École trilingue Vision Rive-Sud;1165, boulevard Guillaume-Couture;;25213;Lévis;V;G6W0S2;Établissement d'enseignement privé;Privé;ecolevision.com;-71.266083;46.734751
580;20200706;553500;École Vision Sherbrooke;École Vision Sherbrooke;5100, rue Henri-Labonne;;43027;Sherbrooke;V;J1N1J1;Établissement d'enseignement privé;Privé;www.ecolevision.com;-71.993428;45.369933
582;20200706;554500;École trilingue Vision St-Augustin;École trilingue Vision St-Augustin;4920, rue Pierre-Georges-Roy;;23072;Saint-Augustin-de-Desmaures;V;G3A1V7;Établissement d'enseignement privé;Privé;www.ecolevision.com;-71.386698;46.742553
584;20200706;555500;École trilingue Vision Terrebonne;École trilingue Vision Terrebonne;2955, boulevard de la Pinière;;64008;Terrebonne;V;J6X0A3;Établissement d'enseignement privé;Privé;terrebonne.ecolevision.com;-73.693209;45.721485
586;20200706;556500;École Trilingue Vision Victoriaville;École Trilingue Vision Victoriaville;905, boulevard des Bois-Francs Sud;;39062;Victoriaville;V;G6P5W1;Établissement d'enseignement privé;Privé;;-71.917929;46.03896
588;20200706;557500;Académie Trivium;Académie Trivium;88, rue Jean-René-Monette;;81017;Gatineau;V;J8P5B7;Établissement d'enseignement privé;Privé;www.academie-trivium.com;-75.647169;45.479596
590;20200706;579500;Académie Juillet;Académie Juillet;61, rue Radisson;;67020;Candiac;V;J5R0G1;Établissement d'enseignement privé;Privé;www.academiejuillet.com;-73.532929;45.377456
592;20200706;583500;École de l'Excellence;École de l'Excellence;1749, chemin Gomin;;23027;Québec;V;G1S1P1;Établissement d'enseignement privé;Privé;www.ecoledelexcellence.ca;-71.25328;46.786917
594;20200706;585500;Collège LaSalle;Collège LaSalle;2000, rue Sainte-Catherine Ouest;;66023;Montréal;V;H3H2T2;Établissement d'enseignement privé;Privé;www.collegelasalle.com;-73.581805;45.491442
597;20200706;586500;Montessori de la Colline;Montessori de la Colline;850, avenue de Vimy;;23027;Québec;V;G1S0B7;Établissement d'enseignement privé;Privé;www.montessoridelacolline.com;-71.259509;46.79171
599;20200706;587500;Académie culturelle de Laval;Académie culturelle de Laval;1075, rue Saint-Louis;;65005;Laval;V;H7V2Z1;Établissement d'enseignement privé;Privé;;-73.744534;45.547334
601;20200706;589500;École le Savoir;École le Savoir;11950, boulevard Gouin Ouest;;66023;Montréal;V;H8Z1V6;Établissement d'enseignement privé;Privé;www.lesavoir.ca;-73.825694;45.506747
603;20200706;594500;Église-École Alpha Oméga;Église-École Alpha Oméga;324, rue Denison Ouest;;47017;Granby;V;J2G4E4;Établissement d'enseignement privé;Privé;;-72.733741;45.389535
605;20200706;596500;Église-École Ac. chrétienne de la Foi;Église-École Académie chrétienne de la Foi;490, rue Chicoine;;71083;Vaudreuil-Dorion;V;J7V7E4;Établissement d'enseignement privé;Privé;http://www.faith-christianacademy.com/;-74.021229;45.376713
607;20200706;602500;Centre académique de l'Outaouais;Centre académique de l'Outaouais;858, boulevard Maloney Est;;81017;Gatineau;V;J8P1H1;Établissement d'enseignement privé;Privé;www.cado.ca;-75.605946;45.48504
609;20200706;605500;École Montessori;École Montessori;25, chemin Roy;;45072;Magog;V;J1X0N4;Établissement d'enseignement privé;Privé;www.monecoleprivee.com;-72.180834;45.280424
612;20200706;608500;OneSchool Global Campus de Montréal;OneSchool Global Campus de Montréal;679, rue Victoria;;66112;Baie-D'Urfé;V;H9X2K1;Établissement d'enseignement privé;Privé;;-73.920925;45.414777
614;20200706;609500;Extra Centre de Formation;Extra Centre de Formation;1263, rue Volta;;58033;Boucherville;V;J4B7M7;Établissement d'enseignement privé;Privé;extracentredeformation.ca;-73.442352;45.564795
616;20200706;611500;École Montessori de Saint-Lazare;École Montessori de Saint-Lazare;1545, chemin Sainte-Angélique;;71105;Saint-Lazare;V;J7T1Y6;Établissement d'enseignement privé;Privé;www.mapetiteecole.com;-74.126635;45.399157
618;20200706;614500;École Yaldei;École Yaldei;5170, avenue Van Horne;;66023;Montréal;V;H3W1J6;Établissement d'enseignement privé;Privé;www.yaldei.org;-73.640598;45.490891
642;20200706;638500;L'Académie Des Rochers;L'Académie Des Rochers inc.;217, boulevard Montcalm;;81017;Gatineau;V;J8Y6X1;Établissement d'enseignement privé;Privé;academiedesrochers.com;-75.731654;45.43074
644;20200706;640500;Collège Sainte-Anne;Collège Sainte-Anne;1250, boulevard Saint-Joseph;;66023;Montréal;V;H8S2M8;Établissement d'enseignement privé;Privé;http://www.sainteanne.ca/;-73.67581;45.432433
647;20200706;642500;Institut Teccart;Institut Teccart;3030, rue Hochelaga;;66023;Montréal;V;H1W1G2;Établissement d'enseignement privé;Privé;;-73.554851;45.540421
649;20200706;644500;École la Nouvelle Vague;École la Nouvelle Vague;938, rue Saint-Maurice;;66023;Montréal;V;H3C1L7;Établissement d'enseignement privé;Privé;ecolelanouvellevague.com;-73.561334;45.49709
651;20200706;645500;École Bee Lingue;École Bee Lingue;1470, rue Saint-Paul;;46112;Farnham;V;J2N2W8;Établissement d'enseignement privé;Privé;www.ecolebeelingue.com;-72.963041;45.293765
653;20200706;646500;École trilingue Vision Saguenay;École trilingue Vision Saguenay;683, rue Chabanel;;94068;Saguenay;V;G7H1Z7;Établissement d'enseignement privé;Privé;https://saguenay.ecolevision.com/;-71.038679;48.417984
655;20200706;647500;École de la Relève Ali Nestor;École de la Relève Ali Nestor;3700, boulevard Crémazie Est;;66023;Montréal;V;H2A1B2;Établissement d'enseignement privé;Privé;;-73.602891;45.56596
657;20200706;648500;L'Académie de la Vallée du Roy;L'Académie de la Vallée du Roy;700, rue Notre-Dame;;52007;Lavaltrie;V;J5T1L1;Établissement d'enseignement privé;Privé;;-73.289183;45.874683
659;20200706;649500;Académie Blaise Pascal;Académie Blaise Pascal;5320 rue d'Amos;;66023;Montréal;V;H1G2Y1;Établissement d'enseignement privé;Privé;www.academieblaisepascal.ca;-73.623667;45.603039
661;20200706;650500;Collège Milestone;Collège Milestone;6400, avenue Auteuil, bureau 200;;58007;Brossard;V;J4Z3P5;Établissement d'enseignement privé;Privé;www.collegemilestone.ca;-73.465233;45.467752
663;20200706;651500;École du Routier R.C.;École du Routier R.C.;2150, rue André-C.-Hamel;;49058;Drummondville;V;J2C8B1;Établissement d'enseignement privé;Privé;;-72.524997;45.874667
665;20200706;652500;Collège St-Michel;Collège St-Michel;1995, rue Bélanger;;66023;Montréal;V;H2G1B8;Établissement d'enseignement privé;Privé;;-73.602282;45.548009
667;20200706;653500;Édu2;Édu2;5800, boulevard Saint-Laurent;;66023;Montréal;V;H2T1T3;Établissement d'enseignement privé;Privé;;-73.602526;45.527232
669;20200706;654500;Les Centres Pédago. Accomp. Scolaire;Les Centres Pédagogiques Accompagnement Scolaire;186, boulevard Sainte-Rose;;65005;Laval;V;H7L1L4;Établissement d'enseignement privé;Privé;;-73.784649;45.615181
671;20200706;655500;École Primaire Let's Go;École Primaire Let's Go;109, 30e Rue;;29120;Notre-Dame-des-Pins;P;G0M1K0;Établissement d'enseignement privé;Privé;;-70.709718;46.184666
