﻿OBJECTID;DT_MAJ_GDUNO;CD_ORGNS;NOM_COURT;NOM_OFFCL;ADRS_GEO_L1_GDUNO;ADRS_GEO_L2_GDUNO;CD_MUNCP;NOM_MUNCP;STAT_MUNCP;CD_POSTL_GDUNO;PRESC;PRIM;SEC;FORM_PRO;ADULTE;TYPE_ORGNS;RESEAU;SITE_WEB;COORD_X_LL84;COORD_Y_LL84;ORDRE_ENS;STYLE_CART
22;20200706;009600;École Simon P. Ottawa;École Simon P. Ottawa;150, rue Wapoc ;;62802;Manawan;R;J0K1M0;1;1;0;0;0;École gouvernementale;Gouvernemental;;-74.39054;47.222499;Préscolaire - Primaire;1_Gouv
27;20200706;015600;École secondaire Otapi;École secondaire Otapi;470, rue Otapi;;62802;Manawan;R;J0K1M0;0;0;1;0;0;École gouvernementale;Gouvernemental;;-74.394851;47.21608;Secondaire;1_Gouv
30;20200706;016600;École primaire Niska;École primaire Niska;70, rue Niska ;;90804;Obedjiwan;R;G0W3B0;1;1;1;0;0;École gouvernementale;Gouvernemental;;-74.939492;48.654602;Préscolaire - Primaire - Secondaire;1_Gouv
33;20200706;017600;École secondaire Mikisiw;École secondaire Mikisiw;92, rue Tcikatnaw ;;90804;Obedjiwan;R;G0W3B0;0;0;1;1;0;École gouvernementale;Gouvernemental;;-74.940843;48.659527;Secondaire - Formation professionnelle;1_Gouv
34;20200706;018600;École Migwan;École Migwan;70 rue Migwan;;88802;Pikogan;R;J9T3A3;1;1;0;0;0;École gouvernementale;Gouvernemental;;-78.119933;48.597759;Préscolaire - Primaire;1_Gouv
37;20200706;019600;Cons. de l'Éduc. du Lac-Simon;Conseil de l'Éducation du Lac-Simon;1013, ave Amikwiche;;89804;Lac-Simon;R;J0Y3M0;1;1;1;1;0;École gouvernementale;Gouvernemental;;-77.354355;48.059588;Préscolaire - Primaire - Secondaire - Formation professionnelle;1_Gouv
39;20200706;023600;École secondaire Uashkaikan;École secondaire Uashkaikan du conseil de bande de Betsiamites;63, rue Messek ;;96802;Pessamit;R;G0H1B0;0;0;1;0;0;École gouvernementale;Gouvernemental;;-68.640776;48.943445;Secondaire;1_Gouv
43;20200706;024600;École primaire Nussim;École Nussim du conseil de bande de Betsiamites;4, rue Pulis C.P. 70;;96802;Pessamit;R;G0H1B0;1;1;0;0;0;École gouvernementale;Gouvernemental;;-68.639676;48.941325;Préscolaire - Primaire;1_Gouv
49;20200706;025600;École Tshishteshinu;École Tshishteshinu du conseil des Montagnais de Sept-Iles et Maliotenam;C. P. 430;;97804;Maliotenam;R;G0G2B0;1;1;0;0;0;École gouvernementale;Gouvernemental;;-66.195302;50.21554;Préscolaire - Primaire;1_Gouv
3;20200706;001600;École des pêches et de l'aquaculture;École des pêches et de l'aquaculture du Québec;167, Grande-Allée Est C.P. 220;;02015;Grande-Rivière;V;G0C1V0;0;0;1;1;0;École gouvernementale;Gouvernemental;;-64.489245;48.395821;Secondaire - Formation professionnelle;1_Gouv
4;20200706;002600;École Amishk;École Amishk;525, Uapileu;;91802;Mashteuiatsh;R;G0W2H0;1;1;0;0;0;École gouvernementale;Gouvernemental;;-72.231613;48.577166;Préscolaire - Primaire;1_Gouv
7;20200706;003600;Éc. secondaire de Pointe-Bleue;École secondaire Kassinu Mamu;507 rue Uapileu;;91802;Mashteuiatsh;R;G0W2H0;0;0;1;1;1;École gouvernementale;Gouvernemental;;-72.23134;48.576776;Secondaire - Formation professionnelle - Éducation aux adultes;1_Gouv
10;20200706;004600;École Wahta';École Wahta';20, rue de l'Ours ;;23802;Wendake;R;G0A4V0;1;1;0;0;0;École gouvernementale;Gouvernemental;www.cnhw.qc.ca;-71.358567;46.864574;Préscolaire - Primaire;1_Gouv
13;20200706;006600;École Nationale du meuble, l'ébénisterie;École Nationale du meuble et de l'ébénisterie;765, rue Notre-Dame Est ;;39062;Victoriaville;V;G6P4B3;0;0;1;1;0;École gouvernementale;Gouvernemental;http://victoriaville.ecolenationaledumeuble.ca;-71.93995;46.064478;Secondaire - Formation professionnelle;1_Gouv
17;20200706;007600;École Nikanik;École Nikanik;20 rue Waratinak;;90802;Wemotaci;R;G0X3R0;0;0;1;0;0;École gouvernementale;Gouvernemental;;-73.791461;47.900822;Secondaire;1_Gouv
18;20200706;008600;École Seskitin-Wemotaci;École Seskitin-Wemotaci;39, rue Kenosi;;90802;Wemotaci;R;G0X3R0;1;1;0;0;0;École gouvernementale;Gouvernemental;;-73.785481;47.903185;Préscolaire - Primaire;1_Gouv
52;20200706;026600;École Uauitshitun Natashquan;École Uauitshitun de Natashquan;132 rue Tettaut;;98806;Nutashkuan;R;G0G2E0;1;1;1;0;0;École gouvernementale;Gouvernemental;;-61.803333;50.135586;Préscolaire - Primaire - Secondaire;1_Gouv
56;20200706;027600;École Johnny Pilot;École Johnny Pilot du conseil des Montagnais de Sept-Iles et Maliotenam;100, Pashin C.P. 8000;;97802;Uashat;R;G4R5V2;1;1;0;0;0;École gouvernementale;Gouvernemental;;-66.397243;50.223665;Préscolaire - Primaire;1_Gouv
57;20200706;028600;Kanatamat Tshitipenitamunu;Kanatamat Tshitipenitamunu;224, rue Lorraine C.P. 1000;;97808;Matimekosh;R;G0G2T0;1;1;1;1;0;École gouvernementale;Gouvernemental;;-66.814273;54.800687;Préscolaire - Primaire - Secondaire - Formation professionnelle;1_Gouv
61;20200706;029600;École Manikanetish;École Manikanetish du conseil des Montagnais de Sept-Îles et Maliotenam;1, rue Ukuiass C.P. 8000;;97802;Uashat;R;G4R4K1;0;0;1;1;0;École gouvernementale;Gouvernemental;http://www.ecolemanikanetish.com;-66.404776;50.220238;Secondaire - Formation professionnelle;1_Gouv
67;20200706;030600;Jimmy Sandy Memorial School;Jimmy Sandy Memorial School;C.P. 5152;;97806;Kawawachikamach;TK;G0G2Z0;1;1;1;0;0;École gouvernementale;Gouvernemental;;-66.76057;54.862952;Préscolaire - Primaire - Secondaire;1_Gouv
68;20200706;031600;École Olamen;École Olamen du Conseil des Montagnais (La Romaine);1, rue Principale;C.P. 222;98804;La Romaine;R;G0G1M0;1;1;1;0;0;École gouvernementale;Gouvernemental;;-60.67581;50.218032;Préscolaire - Primaire - Secondaire;1_Gouv
72;20200706;032600;École Pakuaushipu;École Pakua Shipi;C. P. 68;;98012;Saint-Augustin;M;G0G2R0;1;1;1;0;0;École gouvernementale;Gouvernemental;;-58.671687;51.224324;Préscolaire - Primaire - Secondaire;1_Gouv
77;20200706;034600;Inst. tourisme hôt. du Québec;Institut de tourisme et d'hôtellerie du Québec;3535 rue Saint-Denis;;66023;Montréal;V;H2X3P1;0;0;0;1;0;École gouvernementale;Gouvernemental;;-73.568679;45.51798;Formation professionnelle;1_Gouv
81;20200706;036600;Kateri School;Kateri School;C.P. 1000;;67802;Kahnawake;R;J0L1B0;1;1;0;0;0;École gouvernementale;Gouvernemental;;-73.678769;45.41456;Préscolaire - Primaire;1_Gouv
84;20200706;037600;Kahnawake Survival School;Kahnawake Survival School;Nation Mohawk C.P. 1978;;67802;Kahnawake;R;J0L1B0;0;0;1;0;0;École gouvernementale;Gouvernemental;;-73.613722;45.397137;Secondaire;1_Gouv
85;20200706;038600;École Teueikan;École Teueikan;29 rue Tshiash Innuat;;98808;Mingan;R;G0G1V0;1;1;1;0;0;École gouvernementale;Gouvernemental;;-64.03127;50.291708;Préscolaire - Primaire - Secondaire;1_Gouv
86;20200706;039600;Karonhianonha School;Karonhianonha School; C.P. 100;;67802;Kahnawake;R;J0L1B0;0;1;0;0;0;École gouvernementale;Gouvernemental;;-73.686357;45.40714;Primaire;1_Gouv
87;20200706;040600;CDFM Huron-Wendat;Centre de développement de la formation et de la main-d'oeuvre Huron-Wendat;100, rue de l'Ours;;23802;Wendake;R;G0A4V0;0;0;0;0;1;École gouvernementale;Gouvernemental;;-71.35423;46.866002;Éducation aux adultes;1_Gouv
91;20200706;041600;Ratihen:te High School;Ratihen:te High School;681A Ste-Philomène;;72802;Kanesatake;EI;J0N1E0;1;1;1;0;1;École gouvernementale;Gouvernemental;;-74.129978;45.483669;Préscolaire - Primaire - Secondaire - Éducation aux adultes;1_Gouv
92;20200706;042600;École Mikizicec;École Mikizicec;15, Okonum Mikana;;89802;Kitcisakik;EI;J9P7C5;0;1;0;0;0;École gouvernementale;Gouvernemental;http://www.kitcisakik.ca;-77.458741;47.538799;Primaire;1_Gouv
93;20200706;043600;Centre régional d'éducation Kitci-Amik;Centre régional d'éducation des adultes Kitci-Amik;1030 boul. Cicip;;89804;Lac-Simon;R;J0Y3M0;0;0;0;0;1;École gouvernementale;Gouvernemental;http://www.cdrhpnq.qc.ca/index.html;-77.352735;48.058527;Éducation aux adultes;1_Gouv
98;20200706;044600;Centre rég. éducation adultes Kahnawake;Centre régional d'éducation pour adultes Kahnawake;2, route River;;67802;Kahnawake;R;J0L1B0;0;0;0;0;1;École gouvernementale;Gouvernemental;;-73.620568;45.395115;Éducation aux adultes;1_Gouv
99;20200706;045600;Centre rég. d'éducation adultes Listuguj;Centre régional d'éducation pour adultes Listuguj;2, Promenade Pacific;;06804;Listuguj;R;G0C2R0;0;0;0;0;1;École gouvernementale;Gouvernemental;;-66.703738;48.012985;Éducation aux adultes;1_Gouv
102;20200706;046600;CREA Uashat mak Mani-Utenam;Centre régional d'éducation des adultes de Uashat mak Mani-Utenam;265, boul. des Montagnais;;97802;Uashat;R;G4R4L9;0;0;0;0;1;École gouvernementale;Gouvernemental;;-66.399294;50.225884;Éducation aux adultes;1_Gouv
103;20200706;047600;Rotiwennakéhte School;Rotiwennakéhte School;407, rue Saint-Michel;;72802;Kanesatake;EI;J0N1E0;1;1;0;0;0;École gouvernementale;Gouvernemental;www.monecole-myschool.com/rotiwennakehte;-74.103899;45.465405;Préscolaire - Primaire;1_Gouv
106;20200706;048600;Amo Ososwan School;Amo Ososwan School;117 Kakinwawigak Mikana;;85070;Laforce;M;J0Z2J0;1;1;0;0;0;École gouvernementale;Gouvernemental;;-78.564754;47.577644;Préscolaire - Primaire;1_Gouv
